Hamburg-Altstadt, Hamburg-Mitte, Hamburg, 20095, Deutschland;0.18026539251134785 km
;
HafenCity, Hamburg-Mitte, Hamburg, 20457, Deutschland;0.8863183950070417 km
;
St. Georg, Hamburg-Mitte, Hamburg, 20099, Deutschland;1.1617492402290792 km
;
Neustadt, Hamburg-Mitte, Hamburg, Deutschland;1.4329649508663702 km
;
Hammerbrook, Hamburg-Mitte, Hamburg, 20097, Deutschland;1.761308786666301 km
;
Hohenfelde, Hamburg-Nord, Hamburg, 22087, Deutschland;1.871461267381032 km
;
Hummelsbüttel, Wandsbek, Hamburg, 22339, Deutschland;10.277711791433129 km
;
Heimfeld, Harburg, Hamburg, 21075, Deutschland;10.313378155293186 km
;
Nienstedten, Altona, Hamburg, Deutschland;10.362075623846797 km
;
Hamburg-Harburg, Hörstener Straße, Harburg, Hamburg, 21079, Deutschland;10.547109691531713 km
;
Billwerder, Bergedorf, Kirchsteinbek, Hamburg, Deutschland;10.551655839726703 km
;
Allermöhe, Bergedorf, Hamburg, Deutschland;11.099900292548385 km
;
Schnelsen, Eimsbüttel, Hamburg, 22457, Deutschland;11.101237204619924 km
;
Gut Moor, Harburg, Finkenriek, Hamburg, Deutschland;11.295559270844285 km
;
Eißendorf, Harburg, Hamburg, Deutschland;11.674980424948432 km
;
Wilstorf, Harburg, Hamburg, 21079, Deutschland;11.727077800414987 km
;
Iserbrook, Altona, Hamburg, 22589, Deutschland;11.846278919632697 km
;
Hausbruch, Harburg, Hamburg, 21147, Deutschland;11.87692754212128 km
;
Wellingsbüttel, Wandsbek, Hamburg, 22391, Deutschland;11.888616013050592 km
;
Rahlstedt, Wandsbek, Hamburg, Deutschland;12.014559897756 km
;
Langenhorn, Hamburg-Nord, Hamburg, Deutschland;12.582255266509316 km
;
Rönneburg, Harburg, Hamburg, Deutschland;12.653864146041947 km
;
Marmstorf, Harburg, Hamburg, 21077, Deutschland;12.760187988817208 km
;
Poppenbüttel, Wandsbek, Hamburg, 22399, Deutschland;12.76870870613492 km
;
Neuallermöhe, Bergedorf, Hamburg, 21035, Deutschland;13.119070878597322 km
;
Blankenese, Altona, Hamburg, 22587, Deutschland;13.119720972070784 km
;
Langenbek, Harburg, Hamburg, Deutschland;13.176598802568098 km
;
Neuenfelde, Harburg, Hamburg, Deutschland;13.269551173854529 km
;
Neugraben-Fischbek, Harburg, Hamburg, 21149, Deutschland;13.496050732477464 km
;
Reitbrook, Bergedorf, Fünfhausen, Hamburg, Deutschland;13.537069547471706 km
;
Sasel, Wandsbek, Hamburg, 22393, Deutschland;13.701884977714952 km
;
Sülldorf, Altona, Hamburg, Deutschland;13.971894039490358 km
;
Sinstorf, Harburg, Hamburg, Deutschland;14.085140673050836 km
;
Lohbrügge, Bergedorf, Hamburg, Deutschland;14.635997858960833 km
;
Cranz, Harburg, Hamburg, Deutschland;14.83591761914193 km
;
Volksdorf, Wandsbek, Hamburg, 22359, Deutschland;15.411365086599275 km
;
Lemsahl-Mellingstedt, Wandsbek, Hamburg, 22397, Deutschland;15.627577661288267 km
;
Bergstedt, Wandsbek, Hamburg, 22395, Deutschland;16.045659674474873 km
;
Bergedorf, Hamburg, 21029, Deutschland;16.62564290487349 km
;
Rissen, Altona, Hamburg, 22559, Deutschland;16.629020136802026 km
;
Duvenstedt, Wandsbek, Hamburg, Deutschland;18.583104939348587 km
;
Curslack, Bergedorf, Kälbersteert, Hamburg, Deutschland;18.89005560975125 km
;
Wohldorf-Ohlstedt, Wandsbek, Hamburg, Deutschland;18.93285849316276 km
;
Neuengamme, Bergedorf, Achterdeich, Hamburg, Deutschland;19.505216065869433 km
;
Kirchwerder, Bergedorf, Riepenburg, Hamburg, 21037, Deutschland;19.575873658868662 km
;
Rotherbaum, Eimsbüttel, Hamburg, Deutschland;2.193252047408586 km
;
Borgfelde, Hamburg-Mitte, Hamburg, Deutschland;2.2256802753949994 km
;
Kleiner Grasbrook, Hamburg-Mitte, Hamburg, Deutschland;2.433272916069011 km
;
Uhlenhorst, Hamburg-Nord, Hamburg, 22085, Deutschland;2.4882801445622347 km
;
St. Pauli, Hamburg-Mitte, Hamburg, Deutschland;2.7612434772881773 km
;
Sternschanze, Altona, Hamburg, Deutschland;2.7841306740998917 km
;
Steinwerder, Hamburg-Mitte, Hamburg, Deutschland;2.8681101887990206 km
;
Rothenburgsort, Hamburg-Mitte, Hamburg, 20539, Deutschland;2.911181593131932 km
;
Altengamme, Bergedorf, Hamburg, 21039, Deutschland;22.50480328495495 km
;
Veddel, Hamburg-Mitte, Hamburg, Deutschland;3.0769560779105953 km
;
Harvestehude, Eimsbüttel, Hamburg, Deutschland;3.0972503786597763 km
;
Hamm, Hamburg-Mitte, Hamburg, Deutschland;3.3740583362978835 km
;
Eilbek, Wandsbek, Hamburg, Deutschland;3.502267516456785 km
;
Altona-Altstadt, Altona, Hamburg, 22767, Deutschland;3.666253207743026 km
;
Altona-Nord, Altona, Hamburg, 22769, Deutschland;3.905847953380979 km
;
Hoheluft-West, Eimsbüttel, Hamburg, 20253, Deutschland;4.005488172329562 km
;
Hoheluft-Ost, Hamburg-Nord, Hamburg, Deutschland;4.050305911100821 km
;
Eimsbüttel, Hamburg, Deutschland;4.15870365971549 km
;
Barmbek-Süd, Hamburg-Nord, Hamburg, Deutschland;4.33331550952027 km
;
Eppendorf, Hamburg-Nord, Hamburg, Deutschland;4.54994948458895 km
;
Hamburg-Horn, A 24, Horn, Hamburg-Mitte, Hamburg, 22111, Deutschland;4.809798612490222 km
;
Winterhude, Hamburg-Nord, Hamburg, Deutschland;5.129449499670696 km
;
Ottensen, Altona, Hamburg, Deutschland;5.383237721978107 km
;
Dulsberg, Hamburg-Nord, Hamburg, 22049, Deutschland;5.46697079149845 km
;
Marienthal, Wandsbek, Hinschenfelde, Hamburg, 22043, Deutschland;5.660571492669278 km
;
Wandsbek, Hinschenfelde, Hamburg, Deutschland;5.724945864821023 km
;
Billbrook, Hamburg-Mitte, Hamburg, Deutschland;6.250158888215158 km
;
Barmbek-Nord, Hamburg-Nord, Hamburg, Deutschland;6.251334932933428 km
;
Wilhelmsburg, Hamburg-Mitte, Hamburg, Deutschland;6.467313827392599 km
;
Lokstedt, Eimsbüttel, Hamburg, 22529, Deutschland;6.485230941240567 km
;
Groß Borstel, Hamburg-Nord, Hamburg, Deutschland;6.547376016897009 km
;
Bahrenfeld, Altona, Hamburg, 22761, Deutschland;6.635862606154897 km
;
Alsterdorf, Hamburg-Nord, Hamburg, 22297, Deutschland;6.703536649916773 km
;
Waltershof, Hamburg-Mitte, Hamburg, Deutschland;6.859659234354442 km
;
Stellingen, Eimsbüttel, Hamburg, Deutschland;7.043697212283565 km
;
Moorfleet, Bergedorf, Hamburg, Deutschland;7.116104652740423 km
;
Altenwerder, Harburg, Hamburg, Deutschland;7.349507642303011 km
;
Othmarschen, Altona, Hamburg, 22605, Deutschland;7.4940509818735555 km
;
Steilshoop, Wandsbek, Hamburg, 22309, Deutschland;7.739521486930613 km
;
Billstedt, Hamburg-Mitte, Öjendorf, Hamburg, Deutschland;8.085998242273533 km
;
Tatenberg, Bergedorf, Hamburg, Deutschland;8.20766754417816 km
;
Groß Flottbek, Altona, Hamburg, 22607, Deutschland;8.223318436913052 km
;
Eidelstedt, Eimsbüttel, Hamburg, 22523, Deutschland;8.26847115031142 km
;
Ohlsdorf, Hamburg-Nord, Hamburg, 22337, Deutschland;8.296918974445305 km
;
Finkenwerder, Hamburg-Mitte, Hamburg, 21129, Deutschland;8.480757852217986 km
;
Spadenland, Bergedorf, Moorwerder, Hamburg, Deutschland;8.825693175190791 km
;
Moorburg, Harburg, Hamburg, Deutschland;8.892349859013603 km
;
Bramfeld, Wandsbek, Hamburg, Deutschland;9.03602872447374 km
;
Hamburg-Tonndorf, Studioweg, Tonndorf, Wandsbek, Hamburg, 22045, Deutschland;9.043373208153207 km
;
Niendorf, Eimsbüttel, Hamburg, Deutschland;9.184580700847183 km
;
Fuhlsbüttel, Hamburg-Nord, Hamburg, Deutschland;9.249382932389734 km
;
Jenfeld, Wandsbek, Öjendorf, Hamburg, 22045, Deutschland;9.263385475707016 km
;
Neuland, Harburg, Stillhorn, Hamburg, Deutschland;9.45178019634589 km
;
Lurup, Altona, Hamburg, 22547, Deutschland;9.605478839534833 km
;
Francop, Harburg, Hamburg, Deutschland;9.647707964950072 km
;
Osdorf, Altona, Hamburg, Deutschland;9.665880268961388 km
;
Ochsenwerder, Bergedorf, Gauert, Hamburg, Deutschland;9.91948036207825 km
;
Farmsen-Berne, Wandsbek, Hamburg, 22159, Deutschland;9.946824305256829 km
